widget,source,module_inputs_static,api_inputs_static,status,limitations
acceleration,tinypedal/widget/acceleration.py,,api.read.engine;api.read.engine.gear;api.read.timing;api.read.timing.elapsed;api.read.vehicle;api.read.vehicle.speed,web-data-port,Original API/module data connected; web layout and some widget-specific timers/options differ; live LMU parity not verified
battery,tinypedal/widget/battery.py,minfo.delta.lapTimeCurrent;minfo.hybrid.batteryCharge;minfo.hybrid.batteryDrain;minfo.hybrid.batteryDrainLast;minfo.hybrid.batteryNetChange;minfo.hybrid.batteryRegen;minfo.hybrid.batteryRegenLast;minfo.hybrid.motorActiveTimer,,web-data-port,Original API/module data connected; web layout and some widget-specific timers/options differ; live LMU parity not verified
brake_bias,tinypedal/widget/brake_bias.py,minfo.hybrid.motorState,api.read.brake;api.read.brake.bias_front;api.read.brake.migration;api.read.brake.pressure;api.read.inputs;api.read.inputs.brake_raw;api.read.session;api.read.session.pre_race;api.read.vehicle;api.read.vehicle.in_pits;api.read.vehicle.speed,web-data-port,Original API/module data connected; web layout and some widget-specific timers/options differ; live LMU parity not verified
brake_performance,tinypedal/widget/brake_performance.py,minfo.force.deltaBrakingRate;minfo.force.maxBrakingRate;minfo.force.transientMaxBrakingRate;minfo.wheels.lockingTime,,web-data-port,Original API/module data connected; web layout and some widget-specific timers/options differ; live LMU parity not verified
brake_pressure,tinypedal/widget/brake_pressure.py,,api.read.brake;api.read.brake.bias_front;api.read.brake.pressure;api.read.inputs;api.read.inputs.brake_raw,web-data-port,Original API/module data connected; web layout and some widget-specific timers/options differ; live LMU parity not verified
brake_temperature,tinypedal/widget/brake_temperature.py,,api.read.brake;api.read.brake.temperature;api.read.inputs;api.read.inputs.brake_raw;api.read.timing;api.read.timing.elapsed;api.read.vehicle;api.read.vehicle.class_name;api.read.vehicle.in_pits;api.read.vehicle.vehicle_name,web-data-port,Original API/module data connected; web layout and some widget-specific timers/options differ; live LMU parity not verified
brake_wear,tinypedal/widget/brake_wear.py,minfo.delta.lapTimePace;minfo.wheels.currentBrakeThickness;minfo.wheels.currentlapBrakeWear;minfo.wheels.estimatedBrakeWear;minfo.wheels.estimatedValidBrakeWear;minfo.wheels.failureBrakeThickness;minfo.wheels.maxBrakeThickness,,web-data-port,Original API/module data connected; web layout and some widget-specific timers/options differ; live LMU parity not verified
cruise,tinypedal/widget/cruise.py,minfo.delta.lapDistance;minfo.stats.metersDriven,api.read.vehicle;api.read.vehicle.orientation_yaw_radians;api.read.vehicle.position_vertical,web-data-port,Original API/module data connected; web layout and some widget-specific timers/options differ; live LMU parity not verified
damage,tinypedal/widget/damage.py,,api.read.timing;api.read.timing.elapsed;api.read.tyre;api.read.tyre.puncture;api.read.vehicle;api.read.vehicle.aero_damage;api.read.vehicle.damage_severity;api.read.vehicle.impact_position;api.read.vehicle.impact_time;api.read.wheel;api.read.wheel.is_detached;api.read.wheel.suspension_damage,web-data-port,Original API/module data connected; web layout and some widget-specific timers/options differ; live LMU parity not verified
damage_stats,tinypedal/widget/damage_stats.py,,api.read.tyre;api.read.tyre.wear;api.read.vehicle;api.read.vehicle.aero_damage;api.read.vehicle.damage_severity;api.read.wheel;api.read.wheel.is_detached;api.read.wheel.suspension_damage,web-data-port,Original API/module data connected; web layout and some widget-specific timers/options differ; live LMU parity not verified
deltabest,tinypedal/widget/deltabest.py,minfo.delta.lapTimeCurrent;minfo.delta.lapTimeLast,,web-data-port,Original API/module data connected; web layout and some widget-specific timers/options differ; live LMU parity not verified
deltabest_extended,tinypedal/widget/deltabest_extended.py,minfo.delta.deltaBest;minfo.delta.deltaLast;minfo.delta.deltaSession;minfo.delta.deltaStint;minfo.delta.lapTimeBest;minfo.delta.lapTimeCurrent;minfo.delta.lapTimeLast;minfo.delta.lapTimeSession;minfo.delta.lapTimeStint,,web-data-port,Original API/module data connected; web layout and some widget-specific timers/options differ; live LMU parity not verified
differential,tinypedal/widget/differential.py,minfo.wheels.lockingPercentFront;minfo.wheels.lockingPercentRear,api.read.inputs;api.read.inputs.throttle_raw;api.read.timing;api.read.timing.elapsed,web-data-port,Original API/module data connected; web layout and some widget-specific timers/options differ; live LMU parity not verified
drs,tinypedal/widget/drs.py,,api.read.switch;api.read.switch.drs_status,web-data-port,Original API/module data connected; web layout and some widget-specific timers/options differ; live LMU parity not verified
electric_motor,tinypedal/widget/electric_motor.py,,api.read.emotor;api.read.emotor.motor_temperature;api.read.emotor.regeneration_level;api.read.emotor.rpm;api.read.emotor.torque;api.read.emotor.water_temperature,web-data-port,Original API/module data connected; web layout and some widget-specific timers/options differ; live LMU parity not verified
elevation,tinypedal/widget/elevation.py,minfo.mapping.elevations;minfo.mapping.lastModified;minfo.mapping.sectors,api.read.lap;api.read.lap.progress;api.read.vehicle;api.read.vehicle.position_vertical,web-data-port,Original API/module data connected; web layout and some widget-specific timers/options differ; live LMU parity not verified
engine,tinypedal/widget/engine.py,minfo.energy.rateOfConsumption;minfo.wheels.totalStaticWeight,api.read.engine;api.read.engine.max_virtual_energy;api.read.engine.oil_temperature;api.read.engine.rpm;api.read.engine.rpm_max;api.read.engine.torque;api.read.engine.turbo;api.read.engine.water_temperature,web-data-port,Original API/module data connected; web layout and some widget-specific timers/options differ; live LMU parity not verified
engine_temperature,tinypedal/widget/engine_temperature.py,,api.read.engine;api.read.engine.oil_temperature;api.read.engine.water_temperature;api.read.timing;api.read.timing.elapsed;api.read.timing.start,web-data-port,Original API/module data connected; web layout and some widget-specific timers/options differ; live LMU parity not verified
flag,tinypedal/widget/flag.py,minfo.energy.amountCurrent;minfo.energy.available;minfo.energy.estimatedLaps;minfo.fuel.amountCurrent;minfo.fuel.estimatedLaps;minfo.vehicles.nearestBlueClass;minfo.vehicles.nearestTraffic;minfo.vehicles.nearestYellowAhead;minfo.vehicles.nearestYellowBehind,api.read.lap;api.read.lap.progress;api.read.session;api.read.session.blue_flag;api.read.session.in_race;api.read.session.pit_open;api.read.session.start_lights;api.read.session.yellow_flag;api.read.switch;api.read.switch.speed_limiter;api.read.timing;api.read.timing.elapsed;api.read.vehicle;api.read.vehicle.finish_state;api.read.vehicle.in_garage;api.read.vehicle.in_pits;api.read.vehicle.pit_request;api.read.vehicle.repair_time;api.read.vehicle.speed;api.read.wheel;api.read.wheel.offroad,web-data-port,Original API/module data connected; web layout and some widget-specific timers/options differ; live LMU parity not verified
force,tinypedal/widget/force.py,minfo.force.downForceFront;minfo.force.downForceRatio;minfo.force.downForceRear;minfo.force.latGForceRaw;minfo.force.lgtGForceRaw;minfo.wheels.minimumStaticWeight;minfo.wheels.totalDynamicWeight;minfo.wheels.totalStaticWeight,,web-data-port,Original API/module data connected; web layout and some widget-specific timers/options differ; live LMU parity not verified
friction_circle,tinypedal/widget/friction_circle.py,minfo.force.latGForceRaw;minfo.force.lgtGForceRaw;minfo.force.maxAvgLatGForce;minfo.force.maxLatGForce;minfo.force.maxLgtGForce,,web-data-port,Original API/module data connected; web layout and some widget-specific timers/options differ; live LMU parity not verified
fuel,tinypedal/widget/fuel.py,minfo.fuel.amountCurrent;minfo.fuel.amountEndStint;minfo.fuel.amountStart;minfo.fuel.capacity;minfo.fuel.deltaConsumption;minfo.fuel.estimatedConsumption;minfo.fuel.estimatedLaps;minfo.fuel.estimatedMinutes;minfo.fuel.estimatedNumPitStopsEarly;minfo.fuel.estimatedNumPitStopsEnd;minfo.fuel.estimatedValidConsumption;minfo.fuel.neededAbsolute;minfo.fuel.neededRelative;minfo.fuel.oneLessPitConsumption,,web-data-port,Original API/module data connected; web layout and some widget-specific timers/options differ; live LMU parity not verified
fuel_energy_saver,tinypedal/widget/fuel_energy_saver.py,minfo.energy.amountCurrent;minfo.energy.amountUsedCurrent;minfo.energy.available;minfo.energy.estimatedConsumption;minfo.energy.estimatedNumPitStopsEnd;minfo.energy.lastLapConsumption;minfo.energy.rateOfConsumption;minfo.fuel.amountCurrent;minfo.fuel.amountUsedCurrent;minfo.fuel.estimatedConsumption;minfo.fuel.estimatedNumPitStopsEnd;minfo.fuel.lastLapConsumption;minfo.fuel.rateOfConsumption;minfo.mapping.pitEntryPosition,api.read.lap;api.read.lap.number;api.read.lap.track_length;api.read.tyre;api.read.tyre.wear;api.read.vehicle;api.read.vehicle.in_garage;api.read.vehicle.in_pits;api.read.vehicle.speed,web-data-port,Original API/module data connected; web layout and some widget-specific timers/options differ; live LMU parity not verified
gear,tinypedal/widget/gear.py,minfo.energy.available;minfo.energy.rateOfConsumption;minfo.fuel.rateOfConsumption;minfo.hybrid.batteryCharge;minfo.hybrid.motorState,api.read.engine;api.read.engine.gear;api.read.engine.gear_max;api.read.engine.rpm;api.read.engine.rpm_max;api.read.switch;api.read.switch.speed_limiter;api.read.timing;api.read.timing.elapsed;api.read.vehicle;api.read.vehicle.speed,web-data-port,Original API/module data connected; web layout and some widget-specific timers/options differ; live LMU parity not verified
heading,tinypedal/widget/heading.py,minfo.wheels.averageFrontSlipAngle,api.read.vehicle;api.read.vehicle.orientation_yaw_radians;api.read.vehicle.position_lateral;api.read.vehicle.position_longitudinal;api.read.vehicle.speed,web-data-port,Original API/module data connected; web layout and some widget-specific timers/options differ; live LMU parity not verified
instrument,tinypedal/widget/instrument.py,minfo.wheels.slipRatio,api.read.engine;api.read.engine.rpm;api.read.inputs;api.read.inputs.brake_raw;api.read.inputs.clutch;api.read.inputs.throttle_raw;api.read.switch;api.read.switch.auto_clutch;api.read.switch.headlights;api.read.switch.ignition_starter,web-data-port,Original API/module data connected; web layout and some widget-specific timers/options differ; live LMU parity not verified
lap_time_history,tinypedal/widget/lap_time_history.py,minfo.delta.deltaLast;minfo.delta.lapTimeEstimated;minfo.energy.available;minfo.energy.estimatedConsumption;minfo.fuel.estimatedConsumption;minfo.history.consumptionDataSet;minfo.history.consumptionDataVersion;minfo.hybrid.fuelEnergyRatio;minfo.wheels.estimatedTreadWear,api.read.lap;api.read.lap.number,web-data-port,Original API/module data connected; web layout and some widget-specific timers/options differ; live LMU parity not verified
laps_and_position,tinypedal/widget/laps_and_position.py,minfo.delta.lapTimePace;minfo.vehicles.dataSet;minfo.vehicles.finishAsLap;minfo.vehicles.finishLapOffset;minfo.vehicles.finishTimeOffset;minfo.vehicles.playerIndex,api.read.lap;api.read.lap.maximum;api.read.lap.number;api.read.lap.progress;api.read.session;api.read.session.cut_points;api.read.session.finish_type;api.read.session.in_race;api.read.session.limits_points;api.read.session.remaining;api.read.timing;api.read.timing.current_laptime;api.read.vehicle;api.read.vehicle.class_name;api.read.vehicle.place;api.read.vehicle.total_vehicles,web-data-port,Original API/module data connected; web layout and some widget-specific timers/options differ; live LMU parity not verified
lift_and_coast_led,tinypedal/widget/lift_and_coast_led.py,minfo.wheels.slipRatio,api.read.engine;api.read.engine.lift_and_coast_progress;api.read.inputs;api.read.inputs.brake_raw;api.read.inputs.throttle_raw;api.read.switch;api.read.switch.abs_active;api.read.switch.tc_active,web-data-port,Original API/module data connected; web layout and some widget-specific timers/options differ; live LMU parity not verified
navigation,tinypedal/widget/navigation.py,minfo.mapping.coordinates;minfo.mapping.lastModified;minfo.mapping.sectors;minfo.relative.drawOrder;minfo.vehicles.dataSet;minfo.vehicles.dataSetVersion,api.read.vehicle;api.read.vehicle.orientation_yaw_radians;api.read.vehicle.position_lateral;api.read.vehicle.position_longitudinal,web-data-port,Original API/module data connected; web layout and some widget-specific timers/options differ; live LMU parity not verified
onboard_setting,tinypedal/widget/onboard_setting.py,,api.read.switch;api.read.switch.abs_active;api.read.switch.abs_level;api.read.switch.brake_migration_level;api.read.switch.front_arb_level;api.read.switch.motor_map_level;api.read.switch.rear_arb_level;api.read.switch.tc_active;api.read.switch.tc_cut_level;api.read.switch.tc_level;api.read.switch.tc_slip_level,web-data-port,Original API/module data connected; web layout and some widget-specific timers/options differ; live LMU parity not verified
pace_notes,tinypedal/widget/pace_notes.py,minfo.pacenotes.out;minfo.pacenotes.out.currentIndex;minfo.pacenotes.out.currentNote;minfo.pacenotes.out.nextNote;minfo.pacenotes.pit;minfo.pacenotes.pit.currentIndex;minfo.pacenotes.pit.currentNote;minfo.pacenotes.pit.nextNote,api.read.timing;api.read.timing.elapsed;api.read.vehicle;api.read.vehicle.in_garage;api.read.vehicle.in_pits,web-data-port,Original API/module data connected; web layout and some widget-specific timers/options differ; live LMU parity not verified
pedal,tinypedal/widget/pedal.py,,api.read.brake;api.read.brake.pressure;api.read.inputs;api.read.inputs.brake;api.read.inputs.brake_raw;api.read.inputs.clutch;api.read.inputs.clutch_raw;api.read.inputs.force_feedback;api.read.inputs.throttle;api.read.inputs.throttle_raw,web-data-port,Original API/module data connected; web layout and some widget-specific timers/options differ; live LMU parity not verified
pit_stop_estimate,tinypedal/widget/pit_stop_estimate.py,minfo.delta.lapTimePace;minfo.energy.amountCurrent;minfo.energy.available;minfo.energy.estimatedValidConsumption;minfo.energy.neededRelative;minfo.fuel.amountCurrent;minfo.fuel.estimatedValidConsumption;minfo.fuel.neededRelative;minfo.mapping.pitPassTime;minfo.vehicles.dataSet;minfo.vehicles.playerIndex;minfo.vehicles.totalInPits;minfo.vehicles.totalOutPits;minfo.vehicles.totalPitRequests;minfo.vehicles.totalStoppedPits,api.read.vehicle;api.read.vehicle.absolute_refill;api.read.vehicle.in_pits;api.read.vehicle.pit_stop_time,web-data-port,Original API/module data connected; web layout and some widget-specific timers/options differ; live LMU parity not verified
push_to_pass,tinypedal/widget/push_to_pass.py,minfo.hybrid.batteryCharge;minfo.hybrid.motorActiveTimer;minfo.hybrid.motorInactiveTimer;minfo.hybrid.motorState,api.read.engine;api.read.engine.gear;api.read.inputs;api.read.inputs.throttle_raw;api.read.vehicle;api.read.vehicle.speed,web-data-port,Original API/module data connected; web layout and some widget-specific timers/options differ; live LMU parity not verified
radar,tinypedal/widget/radar.py,minfo.vehicles.dataSet;minfo.vehicles.dataSetVersion;minfo.vehicles.nearestLine;minfo.vehicles.playerIndex;minfo.vehicles.totalVehicles,api.read.session;api.read.session.private_qualifying;api.read.session.session_type;api.read.timing;api.read.timing.elapsed;api.read.vehicle;api.read.vehicle.in_garage,web-data-port,Original API/module data connected; web layout and some widget-specific timers/options differ; live LMU parity not verified
rake_angle,tinypedal/widget/rake_angle.py,,api.read.wheel;api.read.wheel.ride_height,web-data-port,Original API/module data connected; web layout and some widget-specific timers/options differ; live LMU parity not verified
relative,tinypedal/widget/relative.py,minfo.relative.relativeAhead;minfo.relative.relativeBehind;minfo.vehicles.dataSet;minfo.vehicles.playerIndex,api.read.session;api.read.session.in_race,web-data-port,Original API/module data connected; web layout and some widget-specific timers/options differ; live LMU parity not verified
relative_finish_order,tinypedal/widget/relative_finish_order.py,minfo.delta.lapTimePace;minfo.energy.available;minfo.vehicles.dataSet;minfo.vehicles.finishAsLap;minfo.vehicles.finishTimeOffset;minfo.vehicles.leaderIndex;minfo.vehicles.playerIndex,api.read.lap;api.read.lap.completed_laps;api.read.lap.maximum;api.read.lap.progress;api.read.session;api.read.session.finish_type;api.read.session.pre_race;api.read.session.remaining,web-data-port,Original API/module data connected; web layout and some widget-specific timers/options differ; live LMU parity not verified
ride_height,tinypedal/widget/ride_height.py,,api.read.wheel;api.read.wheel.ride_height,web-data-port,Original API/module data connected; web layout and some widget-specific timers/options differ; live LMU parity not verified
rivals,tinypedal/widget/rivals.py,minfo.vehicles.dataSet;minfo.vehicles.playerIndex,api.read.session;api.read.session.in_race,web-data-port,Original API/module data connected; web layout and some widget-specific timers/options differ; live LMU parity not verified
roll_angle,tinypedal/widget/roll_angle.py,,api.read.wheel;api.read.wheel.ride_height,web-data-port,Original API/module data connected; web layout and some widget-specific timers/options differ; live LMU parity not verified
rpm_led,tinypedal/widget/rpm_led.py,,api.read.engine;api.read.engine.gear;api.read.engine.gear_max;api.read.engine.rpm;api.read.engine.rpm_max;api.read.switch;api.read.switch.speed_limiter,web-data-port,Original API/module data connected; web layout and some widget-specific timers/options differ; live LMU parity not verified
sectors,tinypedal/widget/sectors.py,minfo.sectors.allTimeBest;minfo.sectors.sessionBest,api.read.timing;api.read.timing.elapsed;api.read.timing.start,web-data-port,Original API/module data connected; web layout and some widget-specific timers/options differ; live LMU parity not verified
session,tinypedal/widget/session.py,minfo.delta.lapTimePace;minfo.vehicles.finishAsLap;minfo.vehicles.finishLapOffset;minfo.vehicles.finishTimeOffset,api.read.lap;api.read.lap.progress;api.read.lap.remaining;api.read.session;api.read.session.finish_type;api.read.session.remaining;api.read.session.session_type,web-data-port,Original API/module data connected; web layout and some widget-specific timers/options differ; live LMU parity not verified
slip_angle,tinypedal/widget/slip_angle.py,minfo.wheels.slipAngle;minfo.wheels.slipAngleDifference,,web-data-port,Original API/module data connected; web layout and some widget-specific timers/options differ; live LMU parity not verified
slip_ratio,tinypedal/widget/slip_ratio.py,minfo.wheels.slipRatio,,web-data-port,Original API/module data connected; web layout and some widget-specific timers/options differ; live LMU parity not verified
speedometer,tinypedal/widget/speedometer.py,,api.read.engine;api.read.engine.gear;api.read.inputs;api.read.inputs.throttle_raw;api.read.timing;api.read.timing.elapsed;api.read.vehicle;api.read.vehicle.speed,web-data-port,Original API/module data connected; web layout and some widget-specific timers/options differ; live LMU parity not verified
standings,tinypedal/widget/standings.py,minfo.relative.standings;minfo.vehicles.dataSet;minfo.vehicles.leaderBestLapTime;minfo.vehicles.playerIndex,api.read.session;api.read.session.in_race,web-data-port,Original API/module data connected; web layout and some widget-specific timers/options differ; live LMU parity not verified
steering_angle,tinypedal/widget/steering_angle.py,minfo.wheels.averageFrontSlipAngle;minfo.wheels.averageFrontToeAngle;minfo.wheels.averageRearSlipAngle;minfo.wheels.slipAngleDifference;minfo.wheels.toeAngle;minfo.wheels.yawRate,api.read.inputs;api.read.inputs.steering_range_physical;api.read.inputs.steering_raw,web-data-port,Original API/module data connected; web layout and some widget-specific timers/options differ; live LMU parity not verified
steering_meter,tinypedal/widget/steering_meter.py,,api.read.inputs;api.read.inputs.steering_range_physical;api.read.inputs.steering_raw,web-data-port,Original API/module data connected; web layout and some widget-specific timers/options differ; live LMU parity not verified
steering_wheel,tinypedal/widget/steering_wheel.py,,api.read.inputs;api.read.inputs.steering_range_physical;api.read.inputs.steering_raw;api.read.vehicle;api.read.vehicle.speed,web-data-port,Original API/module data connected; web layout and some widget-specific timers/options differ; live LMU parity not verified
stint_history,tinypedal/widget/stint_history.py,minfo.energy.available;minfo.history.stintDataCurrent;minfo.history.stintDataSet;minfo.history.stintDataVersion,,web-data-port,Original API/module data connected; web layout and some widget-specific timers/options differ; live LMU parity not verified
suspension_force,tinypedal/widget/suspension_force.py,,api.read.wheel;api.read.wheel.suspension_force,web-data-port,Original API/module data connected; web layout and some widget-specific timers/options differ; live LMU parity not verified
suspension_position,tinypedal/widget/suspension_position.py,minfo.wheels.currentSuspensionPosition;minfo.wheels.maxSuspensionPosition,api.read.wheel;api.read.wheel.third_spring_deflection,web-data-port,Original API/module data connected; web layout and some widget-specific timers/options differ; live LMU parity not verified
suspension_travel,tinypedal/widget/suspension_travel.py,minfo.wheels.currentSuspensionPosition;minfo.wheels.maxSuspensionPosition;minfo.wheels.minSuspensionPosition;minfo.wheels.motionRatio;minfo.wheels.staticSuspensionPosition,,web-data-port,Original API/module data connected; web layout and some widget-specific timers/options differ; live LMU parity not verified
system_performance,tinypedal/widget/system_performance.py,,,web-data-port,Original API/module data connected; web layout and some widget-specific timers/options differ; live LMU parity not verified
timing,tinypedal/widget/timing.py,minfo.delta.isValidLap;minfo.delta.lapTimeBest;minfo.delta.lapTimeCurrent;minfo.delta.lapTimeEstimated;minfo.delta.lapTimeLast;minfo.delta.lapTimePace;minfo.delta.lapTimeStint,api.read.timing;api.read.timing.best_laptime;api.read.vehicle;api.read.vehicle.same_class;api.read.vehicle.total_vehicles,web-data-port,Original API/module data connected; web layout and some widget-specific timers/options differ; live LMU parity not verified
track_clock,tinypedal/widget/track_clock.py,minfo.mapping.sunlightPhases,api.read.session;api.read.session.elapsed;api.read.session.start;api.read.session.time_scale;api.read.session.track_time,web-data-port,Original API/module data connected; web layout and some widget-specific timers/options differ; live LMU parity not verified
track_map,tinypedal/widget/track_map.py,minfo.delta.deltaBestData;minfo.delta.lapTimePace;minfo.mapping.coordinates;minfo.mapping.elevations;minfo.mapping.lastModified;minfo.mapping.pitEntryPosition;minfo.mapping.pitExitPosition;minfo.mapping.pitPassTime;minfo.mapping.sectors;minfo.relative.drawOrder;minfo.vehicles.dataSet;minfo.vehicles.dataSetVersion;minfo.vehicles.playerIndex,api.read.lap;api.read.lap.distance;api.read.lap.safety_car_active;api.read.lap.safety_car_distance;api.read.timing;api.read.timing.elapsed;api.read.vehicle;api.read.vehicle.pit_stop_time,web-data-port,Original API/module data connected; web layout and some widget-specific timers/options differ; live LMU parity not verified
track_notes,tinypedal/widget/track_notes.py,minfo.tracknotes.out;minfo.tracknotes.out.currentIndex;minfo.tracknotes.out.currentNote;minfo.tracknotes.out.nextNote;minfo.tracknotes.pit;minfo.tracknotes.pit.currentIndex;minfo.tracknotes.pit.currentNote;minfo.tracknotes.pit.nextNote,api.read.timing;api.read.timing.elapsed;api.read.vehicle;api.read.vehicle.in_garage;api.read.vehicle.in_pits,web-data-port,Original API/module data connected; web layout and some widget-specific timers/options differ; live LMU parity not verified
traffic,tinypedal/widget/traffic.py,minfo.relative.relativeAhead;minfo.relative.relativeBehind;minfo.relative.relativeDeltaAhead;minfo.relative.relativeDeltaBehind;minfo.vehicles.dataSet;minfo.vehicles.leaderIndex;minfo.vehicles.playerIndex,api.read.timing;api.read.timing.estimated_laptime,web-data-port,Original API/module data connected; web layout and some widget-specific timers/options differ; live LMU parity not verified
trailing,tinypedal/widget/trailing.py,minfo.wheels.slipAngleDifference;minfo.wheels.slipRatio,api.read.inputs;api.read.inputs.brake;api.read.inputs.brake_raw;api.read.inputs.clutch;api.read.inputs.clutch_raw;api.read.inputs.force_feedback;api.read.inputs.steering;api.read.inputs.throttle;api.read.inputs.throttle_raw;api.read.switch;api.read.switch.abs_active;api.read.switch.tc_active;api.read.timing;api.read.timing.elapsed;api.read.vehicle;api.read.vehicle.speed,web-data-port,Original API/module data connected; web layout and some widget-specific timers/options differ; live LMU parity not verified
tyre_carcass,tinypedal/widget/tyre_carcass.py,,api.read.timing;api.read.timing.elapsed;api.read.tyre;api.read.tyre.carcass_temperature;api.read.tyre.compound_class;api.read.vehicle;api.read.vehicle.in_pits,web-data-port,Original API/module data connected; web layout and some widget-specific timers/options differ; live LMU parity not verified
tyre_deflection,tinypedal/widget/tyre_deflection.py,,api.read.tyre;api.read.tyre.vertical_deflection,web-data-port,Original API/module data connected; web layout and some widget-specific timers/options differ; live LMU parity not verified
tyre_inner_layer,tinypedal/widget/tyre_inner_layer.py,,api.read.tyre;api.read.tyre.compound_class;api.read.tyre.inner_temperature_avg;api.read.tyre.inner_temperature_ico;api.read.vehicle;api.read.vehicle.in_pits,web-data-port,Original API/module data connected; web layout and some widget-specific timers/options differ; live LMU parity not verified
tyre_load,tinypedal/widget/tyre_load.py,,api.read.tyre;api.read.tyre.load,web-data-port,Original API/module data connected; web layout and some widget-specific timers/options differ; live LMU parity not verified
tyre_pressure,tinypedal/widget/tyre_pressure.py,,api.read.tyre;api.read.tyre.carcass_temperature;api.read.tyre.compound_class;api.read.tyre.pressure;api.read.vehicle;api.read.vehicle.in_pits,web-data-port,Original API/module data connected; web layout and some widget-specific timers/options differ; live LMU parity not verified
tyre_temperature,tinypedal/widget/tyre_temperature.py,,api.read.tyre;api.read.tyre.compound_class;api.read.tyre.surface_temperature_avg;api.read.tyre.surface_temperature_ico;api.read.vehicle;api.read.vehicle.in_pits,web-data-port,Original API/module data connected; web layout and some widget-specific timers/options differ; live LMU parity not verified
tyre_wear,tinypedal/widget/tyre_wear.py,minfo.delta.lapTimePace;minfo.energy.available;minfo.energy.estimatedLaps;minfo.fuel.estimatedLaps;minfo.wheels.currentLapTreadWear;minfo.wheels.currentTreadDepth;minfo.wheels.estimatedTreadWear;minfo.wheels.estimatedValidTreadWear;minfo.wheels.lockingTreadWear,,web-data-port,Original API/module data connected; web layout and some widget-specific timers/options differ; live LMU parity not verified
virtual_energy,tinypedal/widget/virtual_energy.py,minfo.energy.amountCurrent;minfo.energy.amountEndStint;minfo.energy.amountStart;minfo.energy.capacity;minfo.energy.deltaConsumption;minfo.energy.estimatedConsumption;minfo.energy.estimatedLaps;minfo.energy.estimatedMinutes;minfo.energy.estimatedNumPitStopsEarly;minfo.energy.estimatedNumPitStopsEnd;minfo.energy.estimatedValidConsumption;minfo.energy.neededAbsolute;minfo.energy.neededRelative;minfo.energy.oneLessPitConsumption;minfo.hybrid.fuelEnergyBias;minfo.hybrid.fuelEnergyRatio,,web-data-port,Original API/module data connected; web layout and some widget-specific timers/options differ; live LMU parity not verified
weather,tinypedal/widget/weather.py,minfo.vehicles.totalCompletedLaps,api.read.session;api.read.session.ambient_temperature;api.read.session.raininess;api.read.session.session_type;api.read.session.track_temperature;api.read.session.wetness;api.read.timing;api.read.timing.elapsed,web-data-port,Original API/module data connected; web layout and some widget-specific timers/options differ; live LMU parity not verified
weather_forecast,tinypedal/widget/weather_forecast.py,,api.read.session;api.read.session.ambient_temperature;api.read.session.cloud_coverage;api.read.session.elapsed;api.read.session.end;api.read.session.finish_type;api.read.session.raininess;api.read.session.weather_forecast,web-data-port,Original API/module data connected; web layout and some widget-specific timers/options differ; live LMU parity not verified
weight_distribution,tinypedal/widget/weight_distribution.py,minfo.wheels.crossWeightRatio;minfo.wheels.frontWeightRatio;minfo.wheels.leftWeightRatio,,web-data-port,Original API/module data connected; web layout and some widget-specific timers/options differ; live LMU parity not verified
wheel_camber,tinypedal/widget/wheel_camber.py,minfo.wheels.camberAngle;minfo.wheels.frontCamberAngleDifference;minfo.wheels.rearCamberAngleDifference,,web-data-port,Original API/module data connected; web layout and some widget-specific timers/options differ; live LMU parity not verified
wheel_toe,tinypedal/widget/wheel_toe.py,minfo.wheels.frontToeAngleDifference;minfo.wheels.rearToeAngleDifference;minfo.wheels.toeAngle,,web-data-port,Original API/module data connected; web layout and some widget-specific timers/options differ; live LMU parity not verified
